R1,R2,R3,R4,#atoms,Score1,Score2,Score3,Score4,EXX,EXX-C,EXX-LJ,Eintra,Eintra-C,Eintra-L,N12HB,DELHB,HBDnLig,HBAcLig,NNEB1,NNEB2,NGOOD,NBAD,NN2TOT,DSH-Total,DSH-FOSA,DSH-FISA,DSH-PISA,DSH-WPSA,DSL-Total,DSL-FOSA,DSL-FISA,DSL-PISA,DSL-WPSA,#stars,#amine,#nitro,#acid,#amide,#rotor,#rctvFG,CNS,MW,dipole,SASA,FOSA,FISA,PISA,WPSA,volume,donorHB,accptHB,dip^2/V,ACxDN^.5/SA,glob,QPpolrz,QPlogPC16,QPlogPoct,QPlogPw,QPlogPo/w,QPlogS,CIlogS,BIPCaco,AffyPCaco,QPlogBB,AffyPMDCK,QPlogKp,IP(eV),EA(eV),#metabol,QPlogKhsa,QPlogHERG,RuleOf5,QP%HumanAbs
 111, 209,   1,   1,  84,      2.2509,     -2.4393,     -2.2039,      0.0000,        0.00,        0.00,        0.00,      199.94,      -27.07,      227.00,        0.00,        0.00,        2.00,        5.00,    0,    0,    0,    0,     0.000,  -287.522,   -79.699,  -200.337,    -7.487,     0.000,  -373.554,  -265.536,   -33.493,   -61.904,   -12.621, 3, 0, 0, 0, 1,15, 1,-2,   763.701,     9.881,   940.517,   524.671,    89.867,   279.542,    46.437,  1902.558,     3.000,    20.200, 0.0513171, 0.0372002, 0.7895086,    63.025,    18.635,    37.087,    25.493,     1.877,    -3.737,    -5.787,   170.656,  1392.174,    -1.188,  1270.720,    -0.751,     5.884,     4.437,10,    -1.162,    -4.897,1, 81
 112, 209,   1,   1,  84,      2.2166,     -2.6601,     -2.2033,      0.0000,        0.00,        0.00,        0.00,      199.93,      -26.99,      226.93,        0.00,        0.00,        2.00,        5.00,    0,    0,    0,    0,     0.000,  -292.062,   -79.699,  -204.876,    -7.487,     0.000,  -376.670,  -265.459,   -33.493,   -60.372,   -17.346, 3, 0, 0, 0, 1,15, 1,-2,   780.155,    12.161,   952.920,   522.960,    89.867,   271.550,    68.543,  1929.972,     3.000,    20.200, 0.0766261, 0.0367160, 0.7867005,    64.045,    19.547,    37.886,    25.476,     2.110,    -4.020,    -6.113,   135.032,  1392.174,    -1.140,  1679.355,    -0.779,     5.344,     3.782,10,    -1.103,    -4.904,1, 83
 113, 209,   1,   1,  84,      2.2073,     -2.7188,     -2.2032,      0.0000,        0.00,        0.00,        0.00,      199.87,      -27.01,      226.89,        0.00,        0.00,        2.00,        5.00,    0,    0,    0,    0,     0.000,  -293.324,   -79.699,  -206.138,    -7.487,     0.000,  -377.515,  -265.443,   -33.493,   -60.154,   -18.425, 3, 0, 0, 0, 1,15, 1,-2,   824.606,    11.276,   956.841,   522.675,    89.867,   270.803,    73.496,  1937.711,     3.000,    20.200, 0.0656136, 0.0365656, 0.7855700,    64.348,    19.653,    37.862,    25.482,     2.172,    -4.101,    -6.998,   147.595,  1392.174,    -1.131,  1787.636,    -0.782,     5.582,     3.876,10,    -1.087,    -4.919,1, 83
 114, 209,   1,   1,  84,      2.1914,     -2.8423,     -2.2027,      0.0000,        0.00,        0.00,        0.00,      199.99,      -26.87,      226.85,        0.00,        0.00,        2.00,        5.00,    0,    0,    0,    0,     0.000,  -295.740,   -79.762,  -208.491,    -7.487,     0.000,  -378.963,  -265.387,   -33.493,   -59.694,   -20.389, 4, 0, 0, 0, 1,15, 1,-2,   871.607,    13.035,   962.321,   521.079,    89.867,   267.991,    83.385,  1953.635,     3.000,    20.200, 0.0869655, 0.0363573, 0.7853692,    64.958,    19.837,    38.420,    25.480,     2.301,    -4.227,    -7.940,   122.584,  1392.174,    -1.107,  2025.100,    -0.792,     5.287,     3.602,10,    -1.050,    -4.909,1, 84
 174, 209,   1,   1,  87,      4.0255,     -2.1172,     -2.1971,      0.0000,        0.00,        0.00,        0.00,      195.67,      -31.55,      227.23,        0.00,        0.00,        3.00,        7.00,    0,    0,    0,    0,     0.000,  -296.105,   -79.699,  -208.919,    -7.487,     0.000,  -383.769,  -264.714,   -62.419,   -56.635,     0.000, 5, 0, 0, 1, 1,16, 1,-2,   789.720,    11.404,   966.713,   519.824,   188.543,   258.346,     0.000,  1967.260,     4.000,    22.200, 0.0661094, 0.0459289, 0.7854324,    64.769,    20.198,    40.636,    29.281,     1.044,    -3.292,    -5.462,    13.536,    40.883,    -2.438,    19.862,    -2.548,     5.376,     3.683,10,    -1.518,    -3.054,1, 49
 175, 209,   1,   1,  86,      6.2708,     -1.5604,     -2.2005,      0.0000,        0.00,        0.00,        0.00,      201.30,      -26.12,      227.42,        0.00,        0.00,        2.00,        9.00,    0,    0,    0,    0,     0.000,  -294.692,   -79.699,  -207.507,    -7.487,     0.000,  -382.841,  -265.117,   -60.787,   -56.936,     0.000, 5, 0, 1, 0, 1,16, 1,-2,   790.708,    12.710,   967.337,   522.031,   182.752,   262.554,     0.000,  1958.976,     3.000,    21.200, 0.0824652, 0.0379593, 0.7827203,    64.478,    19.940,    38.721,    26.822,     0.952,    -3.433,    -5.912,    13.108,   183.173,    -2.389,    78.993,    -2.427,     5.248,     3.564,11,    -1.275,    -4.926,1, 60
 176, 209,   1,   1,  85,      3.3042,     -1.4677,     -2.2102,      0.0000,        0.00,        0.00,        0.00,      200.70,      -26.24,      226.94,        0.00,        0.00,        2.00,        6.00,    0,    0,    0,    0,     0.000,  -296.294,   -79.699,  -209.109,    -7.487,     0.000,  -379.799,  -266.287,   -52.801,   -60.710,     0.000, 4, 0, 0, 0, 1,16, 1,-2,   770.720,     9.301,   967.641,   533.139,   161.790,   272.713,     0.000,  1951.274,     3.000,    21.700, 0.0443332, 0.0388424, 0.7804218,    64.267,    19.826,    38.289,    27.242,     0.855,    -4.265,    -6.313,    29.654,   289.499,    -2.172,   129.555,    -2.004,     5.371,     3.652,10,    -1.393,    -5.011,1, 63
 177, 209,   1,   1,  86,      3.2987,     -1.2934,     -2.3604,      0.0000,        0.00,        0.00,        0.00,      200.95,      -26.19,      227.13,        0.00,        0.00,        2.00,        6.00,    0,    0,    0,    0,     0.000,  -292.862,   -79.699,  -205.676,    -7.487,     0.000,  -380.301,  -284.380,   -37.639,   -58.282,     0.000, 4, 0, 0, 0, 1,16, 1,-2,   773.721,    10.466,   960.442,   538.741,   160.738,   260.964,     0.000,  1953.360,     3.000,    22.200, 0.0560768, 0.0400352, 0.7868317,    64.238,    19.681,    38.726,    27.630,     0.671,    -2.986,    -5.168,    29.303,   296.228,    -2.132,   132.813,    -2.026,     5.834,     4.329,10,    -1.469,    -4.851,1, 62
 178, 209,   1,   1,  89,      3.2448,     -1.6939,     -2.4628,      0.0000,        0.00,        0.00,        0.00,      199.23,      -28.14,      227.37,        0.00,        0.00,        2.00,        6.00,    0,    0,    0,    0,     0.000,  -306.038,   -80.508,  -218.043,    -7.487,     0.000,  -385.204,  -296.720,   -33.493,   -54.991,     0.000, 6, 0, 0, 0, 1,16, 1,-2,   787.747,    20.534,   984.521,   586.426,   144.499,   253.595,     0.000,  2006.894,     3.000,    22.200, 0.2100955, 0.0390561, 0.7815492,    66.310,    20.018,    41.466,    27.527,     1.081,    -3.344,    -5.444,    10.915,   422.291,    -1.978,   194.841,    -1.753,     6.468,     6.000,10,    -1.356,    -4.902,1, 67
 179, 209,   1,   1,  90,      4.2644,     -1.0131,     -2.2223,      0.0000,        0.00,        0.00,        0.00,      197.36,      -29.36,      226.73,        0.00,        0.00,        2.00,        7.00,    0,    0,    0,    0,     0.000,  -299.997,   -80.769,  -211.741,    -7.487,     0.000,  -383.417,  -267.752,   -59.061,   -56.604,     0.000, 7, 0, 0, 0, 1,16, 1,-2,   823.796,     9.866,  1004.753,   598.890,   159.849,   246.014,     0.000,  2045.314,     3.000,    24.200, 0.0475949, 0.0417174, 0.7755546,    67.775,    20.463,    40.877,    29.599,     0.360,    -2.947,    -5.333,    28.779,   302.029,    -2.173,   135.626,    -2.063,     5.393,     3.502,10,    -1.664,    -4.963,1, 60
 180, 209,   1,   1,  89,      3.8967,     -1.1620,     -2.1987,      0.0000,        0.00,        0.00,        0.00,      181.25,      -45.56,      226.80,        0.00,        0.00,        4.00,        7.00,    0,    0,    0,    0,     0.000,  -297.814,   -80.663,  -209.664,    -7.487,     0.000,  -385.208,  -264.909,   -63.709,   -56.590,     0.000, 7, 0, 0, 0, 1,17, 1,-2,   824.784,    10.956,   993.300,   519.621,   220.658,   251.937,     1.085,  2015.569,     5.000,    24.700, 0.0595516, 0.0556034, 0.7768726,    65.999,    21.096,    43.873,    33.227,    -0.471,    -2.895,    -5.104,     5.859,    80.058,    -2.896,    32.734,    -3.067,     5.282,     3.737,10,    -1.693,    -4.970,1, 45
 181, 209,   1,   1,  90,      3.1122,     -1.9680,     -2.5425,      0.0000,        0.00,        0.00,        0.00,      199.30,      -28.37,      227.67,        0.00,        0.00,        2.00,        6.00,    0,    0,    0,    0,     0.000,  -314.686,   -83.429,  -223.770,    -7.487,     0.000,  -397.258,  -306.323,   -34.606,   -56.329,     0.000, 6, 0, 0, 0, 1,16, 2,-2,   803.747,    10.289,  1015.222,   617.558,   139.849,   257.815,     0.000,  2046.866,     3.000,    22.200, 0.0517235, 0.0378750, 0.7679456,    67.950,    20.519,    39.787,    27.598,     1.326,    -3.808,    -5.760,    42.545,   467.429,    -1.982,   217.446,    -1.653,     4.990,     3.217,10,    -1.291,    -5.142,1, 70
 182, 209,   1,   1,  90,      3.2389,     -2.0982,     -2.3805,      0.0000,        0.00,        0.00,        0.00,      198.61,      -28.23,      226.83,        0.00,        0.00,        2.00,        6.00,    0,    0,    0,    0,     0.000,  -310.259,   -86.784,  -215.988,    -7.487,     0.000,  -385.737,  -286.802,   -39.064,   -59.871,     0.000, 5, 0, 0, 0, 1,16, 2,-2,   803.747,    11.029,   991.153,   607.790,   114.206,   269.157,     0.000,  2024.802,     3.000,    22.200, 0.0600792, 0.0387947, 0.7809311,    67.175,    20.069,    39.593,    27.443,     1.414,    -3.444,    -5.760,    83.230,   818.250,    -1.649,   398.282,    -1.140,     5.175,     3.382,10,    -1.315,    -4.986,1, 74
 183, 209,   1,   1,  88,      2.8021,     -1.8566,     -2.1945,      0.0000,        0.00,        0.00,        0.00,      192.44,      -35.06,      227.50,        0.00,        0.00,        4.00,        6.00,    0,    0,    0,    0,     0.000,  -297.439,   -79.838,  -210.114,    -7.487,     0.000,  -382.716,  -264.399,   -62.177,   -56.140,     0.000, 4, 0, 0, 0, 1,16, 1,-2,   788.735,     9.918,   970.193,   520.130,   192.764,   257.299,     0.000,  1972.625,     5.000,    22.700, 0.0498650, 0.0523182, 0.7840371,    64.974,    20.490,    42.222,    31.268,     0.273,    -3.334,    -5.202,    13.835,   147.204,    -2.491,    62.369,    -2.630,     5.504,     3.701,11,    -1.383,    -4.879,1, 54
 144, 209,   1,   1,  86,      2.0094,     -2.3773,     -2.1761,      0.0000,        0.00,        0.00,        0.00,      199.61,      -27.72,      227.33,        0.00,        0.00,        4.00,        5.00,    0,    0,    0,    0,     0.000,  -281.548,   -79.699,  -194.363,    -7.487,     0.000,  -363.871,  -262.183,   -36.559,   -65.128,     0.000, 4, 0, 0, 0, 1,16, 1,-2,   760.725,     6.949,   946.401,   526.714,   150.301,   269.385,     0.000,  1912.913,     5.000,    21.200, 0.0252415, 0.0500894, 0.7874446,    62.700,    19.745,    40.077,    29.527,     0.823,    -3.445,    -5.253,    49.457,   372.043,    -2.017,   169.907,    -1.804,     5.272,     3.749,12,    -1.252,    -4.882,1, 65
 145, 209,   1,   1,  89,      2.1144,     -2.5489,     -2.2367,      0.0000,        0.00,        0.00,        0.00,      201.08,      -26.60,      227.68,        0.00,        0.00,        3.00,        5.00,    0,    0,    0,    0,     0.000,  -291.827,   -79.699,  -204.641,    -7.487,     0.000,  -375.689,  -269.479,   -45.272,   -60.938,     0.000, 5, 0, 0, 0, 1,16, 1,-2,   774.752,    13.362,   978.931,   611.751,   111.127,   256.053,     0.000,  1977.376,     4.000,    21.200, 0.0902890, 0.0433125, 0.7782854,    65.152,    19.805,    40.135,    27.783,     1.498,    -3.786,    -5.571,    67.845,   875.152,    -1.624,   428.301,    -1.129,     4.926,     3.100,13,    -1.174,    -4.966,1, 75
 146, 209,   1,   1,  92,      2.3764,     -2.4934,     -2.2262,      0.0000,        0.00,        0.00,        0.00,      202.41,      -26.39,      228.80,        0.00,        0.00,        2.00,        5.00,    0,    0,    0,    0,     0.000,  -288.470,   -80.082,  -200.901,    -7.487,     0.000,  -373.235,  -268.216,   -39.256,   -65.763,     0.000, 6, 0, 0, 0, 1,16, 1,-2,   788.778,     6.089,  1004.687,   671.489,    96.029,   237.168,     0.000,  2030.786,     3.000,    21.200, 0.0182553, 0.0365482, 0.7719289,    67.109,    19.880,    38.260,    26.149,     1.929,    -3.999,    -5.874,   176.319,  1216.896,    -1.475,   611.645,    -0.918,     4.897,     3.100,12,    -1.128,    -4.979,1, 81
 147, 209,   1,   1,  89,      2.8745,     -2.2936,     -2.2039,      0.0000,        0.00,        0.00,        0.00,      199.27,      -27.72,      226.99,        0.00,        0.00,        4.00,        6.00,    0,    0,    0,    0,     0.000,  -300.716,   -88.134,  -205.096,    -7.487,     0.000,  -387.229,  -265.536,   -60.851,   -60.842,     0.000, 4, 1, 0, 0, 1,17, 1,-2,   774.752,     8.082,   979.402,   573.656,   150.906,   254.839,     0.000,  1975.867,     5.000,    21.200, 0.0330595, 0.0484016, 0.7775162,    64.438,    20.282,    40.710,    29.291,     0.610,    -2.520,    -4.475,     7.874,    91.571,    -1.727,    41.306,    -3.833,     5.708,     3.959,13,    -1.185,    -5.699,1, 53
 148, 209,   1,   1,  85,      3.1305,     -2.0079,     -2.2038,      0.0000,        0.00,        0.00,        0.00,      199.43,      -27.55,      226.98,        0.00,        0.00,        3.00,        6.00,    0,    0,    0,    0,     0.000,  -288.551,   -79.699,  -201.365,    -7.487,     0.000,  -374.231,  -265.518,   -47.353,   -61.360,     0.000, 4, 0, 0, 0, 1,16, 1,-2,   761.710,     5.329,   943.032,   524.154,   142.863,   276.015,     0.000,  1908.972,     4.000,    21.200, 0.0148759, 0.0449614, 0.7891721,    62.605,    19.479,    38.430,    28.048,     0.929,    -3.270,    -5.317,    65.661,   437.654,    -1.930,   202.514,    -1.644,     5.608,     3.794,11,    -1.301,    -4.885,1, 67
 149, 209,   1,   1,  88,      3.1547,     -2.1277,     -2.2882,      0.0000,        0.00,        0.00,        0.00,      200.12,      -26.82,      226.94,        0.00,        0.00,        3.00,        6.00,    0,    0,    0,    0,     0.000,  -301.123,   -81.777,  -211.859,    -7.487,     0.000,  -383.119,  -275.692,   -44.697,   -62.730,     0.000, 4, 0, 0, 0, 1,17, 1,-2,   775.736,    10.751,   960.914,   567.950,   130.019,   262.945,     0.000,  1960.356,     4.000,    21.900, 0.0589636, 0.0455816, 0.7883223,    63.895,    19.731,    39.767,    28.384,     1.024,    -3.142,    -5.310,    60.587,   579.331,    -1.856,   274.222,    -1.357,     5.325,     3.685,11,    -1.355,    -4.837,1, 69
 150, 209,   1,   1,  88,      2.2628,     -2.1647,     -2.4488,      0.0000,        0.00,        0.00,        0.00,      200.76,      -27.24,      228.00,        0.00,        0.00,        2.00,        5.00,    0,    0,    0,    0,     0.000,  -303.843,   -80.399,  -215.958,    -7.487,     0.000,  -383.561,  -295.040,   -33.493,   -55.028,     0.000, 4, 0, 0, 0, 1,16, 1,-2,   775.736,     8.779,   954.101,   597.402,    89.867,   266.831,     0.000,  1952.014,     3.000,    21.200, 0.0394869, 0.0384860, 0.7916980,    64.240,    19.162,    37.645,    26.188,     1.578,    -3.235,    -5.616,   191.287,  1392.174,    -1.357,   707.401,    -0.700,     5.169,     3.602,11,    -1.272,    -4.801,1, 79
 151, 209,   1,   1,  85,      2.0984,     -3.1478,     -2.2029,      0.0000,        0.00,        0.00,        0.00,      199.95,      -26.99,      226.94,        0.00,        0.00,        3.00,        5.00,    0,    0,    0,    0,     0.000,  -292.926,   -79.699,  -205.740,    -7.487,     0.000,  -377.146,  -265.407,   -33.493,   -60.031,   -18.215, 4, 0, 0, 0, 1,16, 2,-2,   777.770,     9.837,   953.400,   521.623,    89.867,   268.749,    73.161,  1936.224,     3.800,    20.200, 0.0499766, 0.0413017, 0.7880017,    63.627,    19.766,    38.533,    26.411,     2.128,    -4.024,    -6.039,   171.230,  1392.174,    -1.186,  1780.079,    -0.693,     5.475,     3.756,11,    -1.076,    -4.870,1, 83
 152, 209,   1,   1,  88,      2.1451,     -3.1953,     -2.2701,      0.0000,        0.00,        0.00,        0.00,      200.12,      -26.74,      226.86,        0.00,        0.00,        3.00,        5.00,    0,    0,    0,    0,     0.000,  -304.126,   -83.737,  -212.903,    -7.487,     0.000,  -383.988,  -273.502,   -33.493,   -62.136,   -14.857, 4, 0, 0, 0, 1,17, 2,-2,   791.797,     5.414,   966.825,   560.208,    89.867,   261.207,    55.543,  1980.796,     3.800,    20.700, 0.0148005, 0.0417363, 0.7889394,    64.696,    19.946,    38.592,    26.658,     2.119,    -3.820,    -6.114,   233.269,  1392.174,    -1.287,  1425.379,    -0.623,     5.272,     3.340,12,    -1.104,    -4.818,1, 83
 153, 209,   1,   1,  88,      2.3166,     -2.9658,     -2.2663,      0.0000,        0.00,        0.00,        0.00,      199.37,      -27.42,      226.79,        0.00,        0.00,        2.00,        5.00,    0,    0,    0,    0,     0.000,  -298.493,   -79.699,  -211.307,    -7.487,     0.000,  -378.672,  -273.049,   -33.493,   -59.749,   -12.381, 6, 0, 0, 0, 1,16, 1,-2,   791.797,    13.246,   993.961,   612.414,    89.867,   256.038,    35.643,  2011.641,     3.000,    20.200, 0.0872267, 0.0352000, 0.7753468,    66.523,    20.017,    38.650,    25.238,     2.432,    -4.340,    -6.344,   115.588,  1392.174,    -1.310,  1108.961,    -0.738,     5.021,     3.131,10,    -0.974,    -5.014,1, 84
 124, 209,   1,   1,  87,      2.3267,     -2.4734,     -2.2490,      0.0000,        0.00,        0.00,        0.00,      200.66,      -26.67,      227.33,        0.00,        0.00,        2.00,        5.00,    0,    0,    0,    0,     0.000,  -284.728,   -79.699,  -197.543,    -7.487,     0.000,  -366.662,  -270.966,   -31.136,   -64.560,     0.000, 3, 0, 0, 0, 1,15, 1,-2,   759.737,    10.702,   963.715,   614.736,    89.867,   259.112,     0.000,  1944.964,     3.000,    20.200, 0.0588887, 0.0363047, 0.7819112,    64.526,    19.156,    37.430,    25.394,     1.913,    -3.885,    -5.709,   153.276,  1392.174,    -1.320,   707.401,    -0.823,     4.772,     3.536,11,    -1.077,    -4.922,1, 81
 125, 209,   1,   1,  87,      2.2944,     -3.0956,     -2.1764,      0.0000,        0.00,        0.00,        0.00,      201.48,      -26.04,      227.52,        0.00,        0.00,        2.00,        5.00,    0,    0,    0,    0,     0.000,  -287.941,   -79.699,  -200.756,    -7.487,     0.000,  -369.596,  -262.212,   -31.136,   -63.852,   -12.396, 3, 0, 0, 0, 1,15, 1,-2,   813.709,     6.054,   984.121,   527.383,    89.867,   249.211,   117.659,  1983.447,     3.000,    20.200, 0.0184795, 0.0355520, 0.7757655,    65.972,    18.635,    37.932,    25.417,     2.568,    -4.709,    -6.780,   209.911,  1392.174,    -1.047,  3120.345,    -0.858,     5.209,     3.492,11,    -0.998,    -4.974,1, 85
 126, 209,   1,   1,  90,      2.2609,     -2.7929,     -2.3966,      0.0000,        0.00,        0.00,        0.00,      199.77,      -27.10,      226.87,        0.00,        0.00,        2.00,        5.00,    0,    0,    0,    0,     0.000,  -304.865,   -83.985,  -213.393,    -7.487,     0.000,  -383.736,  -288.751,   -33.485,   -61.500,     0.000, 4, 0, 0, 0, 1,16, 1,-2,   773.764,    11.324,   968.497,   619.169,    89.867,   259.462,     0.000,  1987.989,     3.000,    20.200, 0.0645005, 0.0361255, 0.7894826,    65.610,    19.429,    37.922,    25.187,     2.186,    -3.795,    -5.986,   152.254,  1392.174,    -1.362,   707.401,    -0.726,     5.356,     3.768,11,    -1.003,    -4.801,1, 83
 127, 209,   1,   1,  93,      2.2871,     -3.0557,     -2.4073,      0.0000,        0.00,        0.00,        0.00,      199.13,      -27.87,      226.99,        0.00,        0.00,        2.00,        5.00,    0,    0,    0,    0,     0.000,  -301.068,   -82.402,  -211.180,    -7.487,     0.000,  -381.359,  -290.037,   -33.493,   -57.829,     0.000, 5, 0, 0, 0, 1,16, 1,-2,   787.791,     7.158,   998.935,   663.534,    89.867,   245.534,     0.000,  2043.952,     3.000,    20.200, 0.0250681, 0.0350247, 0.7797250,    67.716,    19.905,    38.066,    25.166,     2.486,    -4.262,    -6.265,   202.812,  1392.174,    -1.386,   707.401,    -0.775,     5.281,     3.542,12,    -0.888,    -4.893,1, 85
 128, 209,   1,   1,  88,      2.3132,     -2.7157,     -2.3721,      0.0000,        0.00,        0.00,        0.00,      201.07,      -26.99,      228.05,        0.00,        0.00,        2.00,        5.00,    0,    0,    0,    0,     0.000,  -293.902,   -79.699,  -206.717,    -7.487,     0.000,  -378.980,  -285.790,   -33.493,   -59.697,     0.000, 4, 0, 0, 0, 1,16, 1,-2,   771.748,    11.529,   975.956,   585.434,    89.867,   300.656,     0.000,  1979.697,     3.000,    20.200, 0.0671393, 0.0358494, 0.7812688,    65.671,    19.743,    37.992,    25.485,     2.168,    -3.909,    -5.946,   142.212,  1392.174,    -1.382,   707.401,    -0.580,     5.727,     3.922,10,    -1.039,    -5.131,1, 83
R1,R2,R3,R4,#atoms,Score1,Score2,Score3,Score4,EXX,EXX-C,EXX-LJ,Eintra,Eintra-C,Eintra-L,N12HB,DELHB,HBDnLig,HBAcLig,NNEB1,NNEB2,NGOOD,NBAD,NN2TOT,DSH-Total,DSH-FOSA,DSH-FISA,DSH-PISA,DSH-WPSA,DSL-Total,DSL-FOSA,DSL-FISA,DSL-PISA,DSL-WPSA,#stars,#amine,#nitro,#acid,#amide,#rotor,#rctvFG,CNS,MW,dipole,SASA,FOSA,FISA,PISA,WPSA,volume,donorHB,accptHB,dip^2/V,ACxDN^.5/SA,glob,QPpolrz,QPlogPC16,QPlogPoct,QPlogPw,QPlogPo/w,QPlogS,CIlogS,BIPCaco,AffyPCaco,QPlogBB,AffyPMDCK,QPlogKp,IP(eV),EA(eV),#metabol,QPlogKhsa,QPlogHERG,RuleOf5,QP%HumanAbs
 115, 209,   1,   1,  84,      2.4116,     -2.4188,     -2.1714,      0.0000,        0.00,        0.00,        0.00,      200.03,      -27.47,      227.50,        0.00,        0.00,        2.00,        5.00,    0,    0,    0,    0,     0.000,  -276.081,   -79.699,  -188.896,    -7.487,     0.000,  -358.949,  -261.611,   -30.472,   -66.866,     0.000, 3, 0, 0, 0, 1,15, 1,-2,   763.701,    10.470,   939.866,   527.249,    89.867,   275.711,    47.039,  1899.409,     3.000,    20.200, 0.0577099, 0.0372260, 0.7891835,    62.862,    18.589,    37.111,    25.466,     1.856,    -3.730,    -5.787,   161.196,  1392.174,    -1.187,  1280.402,    -0.764,     5.332,     3.453,10,    -1.170,    -4.884,1, 81
 116, 209,   1,   1,  84,      2.4186,     -2.6474,     -2.1699,      0.0000,        0.00,        0.00,        0.00,      200.21,      -27.31,      227.52,        0.00,        0.00,        2.00,        5.00,    0,    0,    0,    0,     0.000,  -275.235,   -79.699,  -188.049,    -7.487,     0.000,  -358.306,  -261.432,   -30.336,   -66.538,     0.000, 3, 0, 0, 0, 1,15, 1,-2,   780.155,     6.726,   956.673,   527.359,    89.867,   267.796,    71.652,  1927.770,     3.000,    20.200, 0.0234662, 0.0365720, 0.7830177,    63.921,    19.565,    37.100,    25.461,     2.096,    -4.091,    -6.113,   209.477,  1392.174,    -1.142,  1746.529,    -0.792,     5.239,     3.552,10,    -1.116,    -4.946,1, 83
 117, 209,   1,   1,  84,      2.4116,     -2.7055,     -2.1714,      0.0000,        0.00,        0.00,        0.00,      200.07,      -27.34,      227.41,        0.00,        0.00,        2.00,        5.00,    0,    0,    0,    0,     0.000,  -276.081,   -79.699,  -188.896,    -7.487,     0.000,  -358.949,  -261.611,   -30.472,   -66.866,     0.000, 3, 0, 0, 0, 1,15, 1,-2,   824.606,     7.607,   959.246,   527.249,    89.867,   265.294,    76.836,  1935.224,     3.000,    20.200, 0.0298984, 0.0364739, 0.7829294,    64.196,    19.646,    37.309,    25.452,     2.158,    -4.152,    -6.998,   198.051,  1392.174,    -1.129,  1864.549,    -0.801,     5.458,     3.752,10,    -1.098,    -4.935,1, 83
 118, 209,   1,   1,  84,      2.4116,     -2.8325,     -2.1714,      0.0000,        0.00,        0.00,        0.00,      200.34,      -27.06,      227.39,        0.00,        0.00,        2.00,        5.00,    0,    0,    0,    0,     0.000,  -276.081,   -79.699,  -188.896,    -7.487,     0.000,  -358.949,  -261.611,   -30.472,   -66.866,     0.000, 3, 0, 0, 0, 1,15, 1,-2,   871.607,    10.698,   968.064,   527.249,    89.867,   262.855,    88.093,  1951.823,     3.000,    20.200, 0.0586413, 0.0361416, 0.7802275,    64.837,    19.877,    37.972,    25.461,     2.291,    -4.335,    -7.940,   152.157,  1392.174,    -1.108,  2149.016,    -0.810,     5.413,     3.803,10,    -1.064,    -4.967,1, 84
 184, 209,   1,   1,  87,      4.2982,     -2.0393,     -2.1714,      0.0000,        0.00,        0.00,        0.00,      196.93,      -30.82,      227.76,        0.00,        0.00,        3.00,        7.00,    0,    0,    0,    0,     0.000,  -276.280,   -79.699,  -189.095,    -7.487,     0.000,  -358.985,  -261.611,   -30.700,   -66.674,     0.000, 5, 0, 0, 1, 1,16, 1,-2,   789.720,     9.170,   974.298,   527.249,   196.203,   250.846,     0.000,  1966.587,     4.000,    22.200, 0.0427562, 0.0455713, 0.7791395,    64.671,    20.266,    40.268,    29.300,     0.962,    -3.400,    -5.462,    12.747,    34.587,    -2.556,    16.578,    -2.716,     5.570,     3.723,10,    -1.536,    -3.120,1, 47
 185, 209,   1,   1,  86,      6.5330,     -1.5078,     -2.1714,      0.0000,        0.00,        0.00,        0.00,      202.60,      -25.34,      227.94,        0.00,        0.00,        2.00,        9.00,    0,    0,    0,    0,     0.000,  -276.372,   -79.699,  -189.187,    -7.487,     0.000,  -358.999,  -261.611,   -30.814,   -66.573,     0.000, 5, 0, 1, 0, 1,16, 1,-2,   790.708,    13.602,   970.650,   527.249,   187.043,   256.357,     0.000,  1957.033,     3.000,    21.200, 0.0945330, 0.0378298, 0.7795330,    64.341,    19.947,    38.829,    26.817,     0.897,    -3.483,    -5.912,    10.250,   166.789,    -2.453,    71.385,    -2.527,     5.045,     4.288,11,    -1.286,    -4.948,1, 59
 186, 209,   1,   1,  85,      3.5336,     -1.4424,     -2.1714,      0.0000,        0.00,        0.00,        0.00,      201.72,      -25.75,      227.47,        0.00,        0.00,        2.00,        6.00,    0,    0,    0,    0,     0.000,  -276.081,   -79.699,  -188.896,    -7.487,     0.000,  -358.949,  -261.611,   -30.472,   -66.866,     0.000, 4, 0, 0, 0, 1,16, 1,-2,   770.720,     7.764,   968.788,   539.494,   161.848,   267.447,     0.000,  1948.510,     3.000,    21.700, 0.0309364, 0.0387964, 0.7787616,    64.106,    19.785,    38.029,    27.209,     0.828,    -4.282,    -6.313,    32.690,   289.131,    -2.180,   129.377,    -2.024,     6.059,     4.179,10,    -1.403,    -5.013,1, 63
 187, 209,   1,   1,  86,      3.5332,     -1.2268,     -2.1714,      0.0000,        0.00,        0.00,        0.00,      202.20,      -25.45,      227.65,        0.00,        0.00,        2.00,        6.00,    0,    0,    0,    0,     0.000,  -276.263,   -79.699,  -189.077,    -7.487,     0.000,  -358.982,  -261.611,   -30.679,   -66.692,     0.000, 4, 0, 0, 0, 1,16, 1,-2,   773.721,     9.640,   966.525,   545.558,   166.905,   254.062,     0.000,  1952.108,     3.000,    22.200, 0.0476061, 0.0397833, 0.7815461,    64.122,    19.725,    38.555,    27.640,     0.601,    -3.076,    -5.168,    25.736,   258.904,    -2.222,   114.821,    -2.164,     5.179,     3.502,10,    -1.483,    -4.904,1, 61
 188, 209,   1,   1,  89,      3.5332,     -1.6557,     -2.1714,      0.0000,        0.00,        0.00,        0.00,      200.53,      -27.38,      227.91,        0.00,        0.00,        2.00,        6.00,    0,    0,    0,    0,     0.000,  -276.281,   -79.699,  -189.096,    -7.487,     0.000,  -358.986,  -261.611,   -30.701,   -66.674,     0.000, 5, 0, 0, 0, 1,16, 1,-2,   787.747,     8.563,   993.982,   609.378,   142.049,   242.555,     0.000,  2004.471,     3.000,    22.200, 0.0365786, 0.0386843, 0.7734874,    66.108,    20.002,    38.934,    27.458,     1.053,    -3.487,    -5.444,    48.285,   445.500,    -1.984,   206.441,    -1.747,     5.593,     3.966,10,    -1.379,    -4.980,1, 68
 189, 209,   1,   1,  90,      4.5306,     -0.9226,     -2.1714,      0.0000,        0.00,        0.00,        0.00,      199.63,      -27.66,      227.30,        0.00,        0.00,        2.00,        7.00,    0,    0,    0,    0,     0.000,  -277.181,   -79.699,  -189.995,    -7.487,     0.000,  -359.216,  -261.611,   -31.712,   -65.893,     0.000, 7, 0, 0, 0, 1,16, 1,-2,   823.796,    11.289,  1013.144,   607.612,   167.774,   237.698,     0.060,  2045.332,     3.000,    24.200, 0.0623036, 0.0413718, 0.7691360,    67.697,    20.545,    41.036,    29.616,     0.281,    -3.071,    -5.333,    19.423,   254.037,    -2.291,   112.575,    -2.238,     5.248,     3.622,10,    -1.679,    -5.027,1, 59
 190, 209,   1,   1,  89,      4.1827,     -1.0848,     -2.1714,      0.0000,        0.00,        0.00,        0.00,      183.59,      -43.78,      227.37,        0.00,        0.00,        4.00,        7.00,    0,    0,    0,    0,     0.000,  -277.159,   -79.699,  -189.973,    -7.487,     0.000,  -359.210,  -261.611,   -31.685,   -65.914,     0.000, 8, 0, 0, 0, 1,17, 1,-2,   824.784,    12.427,  1000.449,   527.249,   226.998,   244.231,     1.972,  2015.578,     5.000,    24.700, 0.0766226, 0.0552061, 0.7713231,    65.926,    21.163,    44.070,    33.235,    -0.538,    -2.994,    -5.104,     3.987,    69.708,    -3.000,    28.502,    -3.211,     4.398,     2.437,10,    -1.711,    -5.023,1, 44
 191, 209,   1,   1,  90,      3.5332,     -1.8467,     -2.1714,      0.0000,        0.00,        0.00,        0.00,      200.56,      -27.64,      228.21,        0.00,        0.00,        2.00,        6.00,    0,    0,    0,    0,     0.000,  -276.279,   -79.699,  -189.094,    -7.487,     0.000,  -358.986,  -261.611,   -30.698,   -66.676,     0.000, 6, 0, 0, 0, 1,16, 2,-2,   803.747,     4.626,  1022.058,   625.077,   146.874,   250.108,     0.000,  2046.281,     3.000,    22.200, 0.0104596, 0.0376217, 0.7626635,    67.853,    20.582,    39.174,    27.610,     1.254,    -3.912,    -5.760,    48.333,   400.957,    -2.084,   184.224,    -1.809,     5.664,     3.810,10,    -1.304,    -5.191,1, 68
 192, 209,   1,   1,  90,      3.5336,     -1.8220,     -2.1714,      0.0000,        0.00,        0.00,        0.00,      205.06,      -28.82,      233.88,        0.00,        0.00,        2.00,        6.00,    0,    0,    0,    0,     0.000,  -276.081,   -79.699,  -188.896,    -7.487,     0.000,  -358.949,  -261.611,   -30.472,   -66.866,     0.000, 6, 0, 0, 0, 1,16, 2,-2,   803.747,    12.473,  1006.232,   624.273,   135.784,   246.175,     0.000,  2027.215,     3.000,    22.200, 0.0767374, 0.0382134, 0.7698392,    67.053,    20.220,    39.778,    27.470,     1.228,    -3.672,    -5.760,    38.626,   510.806,    -1.928,   239.337,    -1.619,     6.031,     4.089,10,    -1.333,    -5.056,1, 70
 193, 209,   1,   1,  88,      3.0632,     -1.7780,     -2.1714,      0.0000,        0.00,        0.00,        0.00,      193.81,      -34.21,      228.02,        0.00,        0.00,        4.00,        6.00,    0,    0,    0,    0,     0.000,  -276.268,   -79.699,  -189.082,    -7.487,     0.000,  -358.983,  -261.611,   -30.685,   -66.687,     0.000, 4, 0, 0, 0, 1,16, 1,-2,   788.735,     6.018,   976.885,   527.249,   200.300,   249.336,     0.000,  1972.113,     5.000,    22.700, 0.0183665, 0.0519598, 0.7785314,    64.878,    20.547,    41.747,    31.281,     0.192,    -3.425,    -5.202,    14.123,   124.870,    -2.604,    52.207,    -2.797,     5.168,     3.444,11,    -1.400,    -4.930,1, 53
 154, 209,   1,   1,  86,      2.0636,     -2.3648,     -2.1714,      0.0000,        0.00,        0.00,        0.00,      198.36,      -29.16,      227.52,        0.00,        0.00,        4.00,        5.00,    0,    0,    0,    0,     0.000,  -276.081,   -79.699,  -188.896,    -7.487,     0.000,  -358.949,  -261.611,   -30.472,   -66.866,     0.000, 4, 0, 0, 0, 1,16, 1,-2,   760.725,     8.889,   945.569,   527.249,   150.444,   267.876,     0.000,  1911.028,     5.000,    21.200, 0.0413456, 0.0501335, 0.7876196,    62.610,    19.718,    40.264,    29.515,     0.810,    -3.434,    -5.253,    42.952,   370.887,    -2.018,   169.337,    -1.812,     5.628,     3.983,11,    -1.256,    -4.872,1, 65
 155, 209,   1,   1,  89,      2.2896,     -2.5065,     -2.2066,      0.0000,        0.00,        0.00,        0.00,      200.47,      -27.71,      228.18,        0.00,        0.00,        3.00,        5.00,    0,    0,    0,    0,     0.000,  -279.192,   -79.699,  -192.007,    -7.487,     0.000,  -359.763,  -265.851,   -30.472,   -63.440,     0.000, 4, 0, 0, 0, 1,16, 1,-2,   774.752,    12.479,   979.960,   615.464,   113.778,   250.718,     0.000,  1974.626,     4.000,    21.200, 0.0788675, 0.0432671, 0.7767474,    64.991,    19.782,    39.915,    27.767,     1.453,    -3.801,    -5.571,    69.382,   825.937,    -1.658,   402.327,    -1.197,     5.472,     3.603,12,    -1.184,    -4.966,1, 75
 156, 209,   1,   1,  92,      2.5214,     -2.4705,     -2.2113,      0.0000,        0.00,        0.00,        0.00,      201.93,      -27.29,      229.22,        0.00,        0.00,        2.00,        5.00,    0,    0,    0,    0,     0.000,  -281.804,   -79.699,  -194.618,    -7.487,     0.000,  -360.052,  -266.425,   -30.472,   -63.155,     0.000, 5, 0, 0, 0, 1,16, 1,-2,   788.778,     5.676,   999.398,   667.870,    96.031,   235.497,     0.000,  2026.951,     3.000,    21.200, 0.0158929, 0.0367416, 0.7750365,    66.940,    19.796,    38.184,    26.125,     1.910,    -3.919,    -5.874,   183.442,  1216.850,    -1.467,   611.619,    -0.924,     5.089,     3.259,11,    -1.130,    -4.921,1, 80
 157, 209,   1,   1,  89,      3.0451,     -2.1762,     -2.2167,      0.0000,        0.00,        0.00,        0.00,      199.25,      -27.76,      227.01,        0.00,        0.00,        4.00,        6.00,    0,    0,    0,    0,     0.000,  -285.295,   -79.699,  -198.110,    -7.487,     0.000,  -371.717,  -267.067,   -33.493,   -71.157,     0.000, 5, 1, 0, 0, 1,17, 1,-2,   774.752,    12.897,   979.694,   573.744,   151.051,   254.899,     0.000,  1976.223,     5.000,    21.200, 0.0841674, 0.0483872, 0.7773774,    64.453,    20.288,    41.416,    29.293,     0.611,    -2.524,    -4.475,     5.037,    91.281,    -1.729,    41.165,    -3.836,     6.048,     4.356,13,    -1.185,    -5.702,1, 53
 158, 209,   1,   1,  85,      3.2986,     -1.9730,     -2.1714,      0.0000,        0.00,        0.00,        0.00,      199.11,      -28.37,      227.48,        0.00,        0.00,        3.00,        6.00,    0,    0,    0,    0,     0.000,  -276.081,   -79.699,  -188.896,    -7.487,     0.000,  -358.949,  -261.611,   -30.472,   -66.866,     0.000, 4, 0, 0, 0, 1,16, 1,-2,   761.710,     7.772,   943.171,   527.249,   144.512,   271.410,     0.000,  1905.961,     4.000,    21.200, 0.0316938, 0.0449547, 0.7882254,    62.441,    19.443,    38.596,    28.029,     0.892,    -3.272,    -5.317,    54.128,   422.173,    -1.951,   194.782,    -1.691,     5.203,     3.694,11,    -1.310,    -4.879,1, 66
 159, 209,   1,   1,  88,      3.2543,     -2.0428,     -2.2039,      0.0000,        0.00,        0.00,        0.00,      200.23,      -26.77,      227.00,        0.00,        0.00,        3.00,        6.00,    0,    0,    0,    0,     0.000,  -288.383,   -79.699,  -201.197,    -7.487,     0.000,  -374.067,  -265.535,   -39.261,   -69.271,     0.000, 4, 0, 0, 0, 1,17, 1,-2,   775.736,     6.773,   972.249,   574.425,   141.262,   256.562,     0.000,  1968.043,     4.000,    21.900, 0.0233063, 0.0450502, 0.7811673,    64.142,    19.909,    39.370,    28.444,     0.965,    -3.304,    -5.310,    59.164,   453.223,    -2.004,   210.312,    -1.587,     5.247,     3.502,11,    -1.355,    -4.922,1, 67
 160, 209,   1,   1,  88,      2.5336,     -2.1492,     -2.1714,      0.0000,        0.00,        0.00,        0.00,      200.80,      -27.68,      228.48,        0.00,        0.00,        2.00,        5.00,    0,    0,    0,    0,     0.000,  -276.079,   -79.699,  -188.894,    -7.487,     0.000,  -358.946,  -261.611,   -30.472,   -66.863,     0.000, 4, 0, 0, 0, 1,16, 1,-2,   775.736,     4.327,   965.560,   619.192,    89.867,   256.501,     0.000,  1956.045,     3.000,    21.200, 0.0095726, 0.0380292, 0.7833784,    64.303,    19.213,    37.192,    26.145,     1.572,    -3.406,    -5.616,   236.683,  1392.174,    -1.377,   707.401,    -0.736,     5.308,     3.404,11,    -1.280,    -4.886,1, 79
 274, 209,   1,   1,  91,      2.6557,     -2.5274,     -2.1714,      0.0000,        0.00,        0.00,        0.00,      200.42,      -28.05,      228.47,        0.00,        0.00,        2.00,        5.00,    0,    0,    0,    0,     0.000,  -276.074,   -79.699,  -188.888,    -7.487,     0.000,  -358.939,  -261.611,   -30.472,   -66.856,     0.000, 6, 0, 0, 0, 1,17, 1,-2,   789.763,    10.540,  1012.709,   666.693,    89.867,   256.149,     0.000,  2029.173,     3.000,    21.200, 0.0547522, 0.0362587, 0.7654081,    66.584,    20.043,    38.500,    26.035,     1.970,    -3.960,    -5.894,   144.388,  1392.174,    -1.484,   707.401,    -0.641,     5.538,     3.885,11,    -1.187,    -5.175,1, 82
 161, 209,   1,   1,  85,      2.2986,     -3.1370,     -2.1714,      0.0000,        0.00,        0.00,        0.00,      200.16,      -27.30,      227.46,        0.00,        0.00,        3.00,        5.00,    0,    0,    0,    0,     0.000,  -276.081,   -79.699,  -188.896,    -7.487,     0.000,  -358.949,  -261.611,   -30.472,   -66.866,     0.000, 4, 0, 0, 0, 1,16, 2,-2,   777.770,     3.759,   958.162,   527.249,    89.867,   263.453,    77.593,  1934.239,     3.800,    20.200, 0.0073047, 0.0410964, 0.7835488,    63.497,    19.791,    37.888,    26.388,     2.117,    -4.113,    -6.039,   241.598,  1392.174,    -1.186,  1882.443,    -0.712,     5.471,     3.946,11,    -1.091,    -4.916,1, 83
 162, 209,   1,   1,  88,      2.4224,     -3.2305,     -2.1714,      0.0000,        0.00,        0.00,        0.00,      200.86,      -26.58,      227.44,        0.00,        0.00,        3.00,        5.00,    0,    0,    0,    0,     0.000,  -275.955,   -79.699,  -188.769,    -7.487,     0.000,  -358.785,  -261.610,   -30.472,   -66.703,     0.000, 4, 0, 0, 0, 1,17, 2,-2,   791.797,    10.635,   984.222,   572.658,    89.867,   249.547,    72.149,  1993.004,     3.800,    20.700, 0.0567536, 0.0409986, 0.7781757,    65.074,    20.206,    39.303,    26.626,     2.216,    -4.149,    -6.114,   152.873,  1392.174,    -1.273,  1757.521,    -0.664,     6.323,     4.685,12,    -1.101,    -4.937,1, 83
 163, 209,   1,   1,  88,      2.5336,     -2.9559,     -2.1714,      0.0000,        0.00,        0.00,        0.00,      199.44,      -27.88,      227.32,        0.00,        0.00,        2.00,        5.00,    0,    0,    0,    0,     0.000,  -276.081,   -79.699,  -188.896,    -7.487,     0.000,  -358.949,  -261.611,   -30.472,   -66.866,     0.000, 5, 0, 0, 0, 1,16, 1,-2,   791.797,    11.095,   998.670,   618.085,    89.867,   250.713,    40.005,  2009.573,     3.000,    20.200, 0.0612588, 0.0350340, 0.7711621,    66.390,    20.046,    38.232,    25.214,     2.421,    -4.432,    -6.344,   141.210,  1392.174,    -1.310,  1171.691,    -0.756,     5.607,     3.712,10,    -0.987,    -5.056,1, 84
 129, 209,   1,   1,  87,      2.4116,     -2.4617,     -2.1714,      0.0000,        0.00,        0.00,        0.00,      200.60,      -26.91,      227.51,        0.00,        0.00,        2.00,        5.00,    0,    0,    0,    0,     0.000,  -276.081,   -79.699,  -188.896,    -7.487,     0.000,  -358.949,  -261.611,   -30.472,   -66.866,     0.000, 3, 0, 0, 0, 1,15, 1,-2,   759.737,     9.351,   962.922,   615.396,    89.867,   257.659,     0.000,  1943.142,     3.000,    20.200, 0.0450045, 0.0363346, 0.7820665,    64.440,    19.129,    37.207,    25.382,     1.901,    -3.873,    -5.709,   172.971,  1392.174,    -1.320,   707.401,    -0.828,     5.819,     4.153,11,    -1.081,    -4.913,1, 81
 130, 209,   1,   1,  87,      2.4116,     -3.0836,     -2.1714,      0.0000,        0.00,        0.00,        0.00,      201.94,      -25.76,      227.69,        0.00,        0.00,        2.00,        5.00,    0,    0,    0,    0,     0.000,  -276.081,   -79.699,  -188.896,    -7.487,     0.000,  -358.949,  -261.611,   -30.472,   -66.866,     0.000, 4, 0, 0, 0, 1,15, 1,-2,   813.709,    12.978,   982.506,   527.425,    89.867,   248.063,   117.151,  1981.625,     3.000,    20.200, 0.0849895, 0.0356104, 0.7765647,    65.888,    18.598,    38.814,    25.405,     2.556,    -4.682,    -6.780,   118.671,  1392.174,    -1.046,  3100.406,    -0.862,     5.307,     3.640,10,    -1.001,    -4.956,1, 85
 131, 209,   1,   1,  90,      2.5101,     -2.7342,     -2.1761,      0.0000,        0.00,        0.00,        0.00,      200.86,      -27.19,      228.05,        0.00,        0.00,        2.00,        5.00,    0,    0,    0,    0,     0.000,  -278.898,   -79.699,  -191.712,    -7.487,     0.000,  -361.082,  -262.183,   -31.136,   -67.762,     0.000, 4, 0, 0, 0, 1,16, 1,-2,   773.764,     8.273,   989.327,   655.779,    89.867,   243.682,     0.000,  1996.203,     3.000,    20.200, 0.0342893, 0.0353649, 0.7749877,    65.788,    19.556,    37.459,    25.130,     2.188,    -4.114,    -5.986,   182.282,  1392.174,    -1.398,   707.401,    -0.781,     5.118,     3.628,11,    -1.012,    -4.961,1, 83
 132, 209,   1,   1,  93,      2.4987,     -3.0507,     -2.2117,      0.0000,        0.00,        0.00,        0.00,      199.50,      -27.85,      227.35,        0.00,        0.00,        2.00,        5.00,    0,    0,    0,    0,     0.000,  -283.551,   -79.699,  -196.366,    -7.487,     0.000,  -362.116,  -266.469,   -31.136,   -64.511,     0.000, 6, 0, 0, 0, 1,16, 1,-2,   787.791,     9.357,  1010.114,   682.652,    89.867,   237.595,     0.000,  2053.310,     3.000,    20.200, 0.0426422, 0.0346371, 0.7734479,    68.015,    20.006,    38.363,    25.139,     2.521,    -4.435,    -6.265,   168.084,  1392.174,    -1.402,   707.401,    -0.803,     5.201,     3.526,11,    -0.878,    -4.957,1, 85
 133, 209,   1,   1,  88,      2.4969,     -2.7066,     -2.2164,      0.0000,        0.00,        0.00,        0.00,      201.17,      -27.20,      228.37,        0.00,        0.00,        2.00,        5.00,    0,    0,    0,    0,     0.000,  -282.331,   -79.699,  -195.146,    -7.487,     0.000,  -362.283,  -267.031,   -31.136,   -64.115,     0.000, 4, 0, 0, 0, 1,16, 1,-2,   771.748,     9.257,   981.288,   591.153,    89.867,   300.269,     0.000,  1979.625,     3.000,    20.200, 0.0432824, 0.0356546, 0.7770047,    65.665,    19.791,    37.635,    25.495,     2.159,    -3.990,    -5.946,   170.610,  1392.174,    -1.393,   707.401,    -0.582,     5.596,     3.980,10,    -1.047,    -5.198,1, 83
R1,R2,R3,R4,#atoms,Score1,Score2,Score3,Score4,EXX,EXX-C,EXX-LJ,Eintra,Eintra-C,Eintra-L,N12HB,DELHB,HBDnLig,HBAcLig,NNEB1,NNEB2,NGOOD,NBAD,NN2TOT,DSH-Total,DSH-FOSA,DSH-FISA,DSH-PISA,DSH-WPSA,DSL-Total,DSL-FOSA,DSL-FISA,DSL-PISA,DSL-WPSA,#stars,#amine,#nitro,#acid,#amide,#rotor,#rctvFG,CNS,MW,dipole,SASA,FOSA,FISA,PISA,WPSA,volume,donorHB,accptHB,dip^2/V,ACxDN^.5/SA,glob,QPpolrz,QPlogPC16,QPlogPoct,QPlogPw,QPlogPo/w,QPlogS,CIlogS,BIPCaco,AffyPCaco,QPlogBB,AffyPMDCK,QPlogKp,IP(eV),EA(eV),#metabol,QPlogKhsa,QPlogHERG,RuleOf5,QP%HumanAbs
  86, 209,   1,   1,  88,      2.1815,     -2.6264,     -2.4070,      0.0000,        0.00,        0.00,        0.00,      199.85,      -27.12,      226.97,        0.00,        0.00,        2.00,        5.00,    0,    0,    0,    0,     0.000,  -314.655,   -87.330,  -219.838,    -7.487,     0.000,  -390.952,  -289.994,   -33.107,   -62.124,    -5.726, 4, 0, 0, 0, 1,16, 2,-2,   791.797,     8.133,   940.315,   569.336,    99.850,   230.806,    40.322,  1981.853,     3.000,    20.900, 0.0333754, 0.0384976, 0.8114703,    65.090,    19.306,    38.021,    25.696,     1.962,    -3.307,    -6.057,   178.307,  1119.495,    -1.313,   929.442,    -1.011,     5.658,     3.784,11,    -1.105,    -4.309,1, 80
  87, 209,   1,   1,  88,      2.1077,     -3.4212,     -2.5017,      0.0000,        0.00,        0.00,        0.00,      199.42,      -27.55,      226.97,        0.00,        0.00,        2.00,        5.00,    0,    0,    0,    0,     0.000,  -347.202,  -144.443,  -195.273,    -7.487,     0.000,  -397.663,  -301.415,   -29.161,   -67.088,     0.000, 4, 0, 0, 0, 1,16, 2,-2,   791.797,    11.766,   971.934,   593.540,    97.765,   236.599,    44.030,  1984.178,     3.000,    20.900, 0.0697678, 0.0372452, 0.7856858,    65.239,    19.644,    38.438,    25.798,     1.957,    -3.797,    -6.057,   117.742,  1171.642,    -1.349,  1023.064,    -0.952,     5.615,     3.888,11,    -1.152,    -4.754,1, 80
  70, 209,   1,   1,  91,      2.0247,     -3.5572,     -2.5791,      0.0000,        0.00,        0.00,        0.00,      199.72,      -27.17,      226.88,        0.00,        0.00,        2.00,        5.00,    0,    0,    0,    0,     0.000,  -348.341,  -137.964,  -202.890,    -7.487,     0.000,  -405.211,  -310.729,   -29.161,   -65.321,     0.000, 5, 0, 0, 0, 1,16, 2,-2,   805.824,    10.874,   992.136,   656.768,    97.765,   193.574,    44.030,  2033.627,     3.000,    20.900, 0.0581476, 0.0364868, 0.7824227,    66.807,    19.786,    38.764,    25.554,     2.195,    -4.104,    -6.335,   127.640,  1171.642,    -1.357,  1023.064,    -1.103,     4.965,     3.296,12,    -1.042,    -4.601,1, 82
 217, 209,   1,   1,  91,      2.3440,     -2.8508,     -2.4520,      0.0000,        0.00,        0.00,        0.00,      199.22,      -27.49,      226.71,        0.00,        0.00,        2.00,        5.00,    0,    0,    0,    0,     0.000,  -317.923,   -90.491,  -219.946,    -7.487,     0.000,  -387.272,  -295.426,   -32.962,   -53.157,    -5.726, 5, 0, 0, 0, 1,17, 2,-2,   805.824,     8.617,   945.604,   585.316,    99.850,   220.116,    40.322,  2014.300,     3.000,    20.900, 0.0368650, 0.0382823, 0.8157149,    65.645,    19.448,    38.256,    25.415,     2.152,    -3.223,    -6.335,   177.115,  1119.495,    -1.363,   929.442,    -0.952,     5.581,     3.716,11,    -1.062,    -4.189,1, 81
 210, 209,   1,   1,  97,      2.5955,     -3.2934,     -2.3198,      0.0000,        0.00,        0.00,        0.00,      198.02,      -29.62,      227.64,        0.00,        0.00,        2.00,        5.00,    0,    0,    0,    0,     0.000,  -325.802,   -95.046,  -223.270,    -7.487,     0.000,  -364.407,  -279.496,   -32.975,   -46.209,    -5.726, 5, 0, 0, 0, 1,17, 2,-2,   833.877,     8.830,   968.305,   627.499,    99.741,   200.742,    40.322,  2084.888,     3.000,    20.900, 0.0374007, 0.0373848, 0.8150948,    68.285,    19.870,    39.196,    25.337,     2.550,    -3.564,    -6.894,   176.128,  1122.160,    -1.363,   931.834,    -1.018,     5.732,     4.140,11,    -0.896,    -4.107,1, 84
  92, 209,   1,   1,  88,      2.2124,     -2.9824,     -2.1246,      0.0000,        0.00,        0.00,        0.00,      199.51,      -27.50,      227.01,        0.00,        0.00,        2.00,        5.00,    0,    0,    0,    0,     0.000,  -304.841,   -76.608,  -220.746,    -7.487,     0.000,  -388.141,  -255.970,   -33.107,   -60.115,   -38.949, 5, 0, 0, 0, 1,16, 2,-2,   845.769,    10.470,   967.490,   509.095,    99.850,   231.223,   127.322,  2019.917,     3.000,    20.900, 0.0542709, 0.0374162, 0.7987437,    66.618,    18.682,    39.222,    25.795,     2.495,    -4.093,    -7.132,   138.420,  1119.495,    -1.132,  2784.890,    -1.009,     4.859,     3.648,11,    -1.041,    -4.517,1, 83
  93, 209,   1,   1,  88,      1.8606,     -4.1630,     -2.0896,      0.0000,        0.00,        0.00,        0.00,      200.81,      -26.33,      227.14,        0.00,        0.00,        2.00,        5.00,    0,    0,    0,    0,     0.000,  -356.727,  -153.043,  -196.198,    -7.487,     0.000,  -420.125,  -251.759,   -29.161,   -59.255,   -79.950, 6, 0, 0, 0, 1,16, 2,-2,   845.769,    11.571,   992.290,   505.991,    97.765,   226.983,   161.552,  2022.640,     3.000,    20.900, 0.0661988, 0.0364811, 0.7794810,    66.686,    19.121,    39.445,    25.823,     2.611,    -4.619,    -7.132,   116.935,  1171.642,    -1.077,  4504.945,    -0.986,     5.718,     3.479,10,    -1.074,    -4.808,1, 84
 205, 209,   1,   1,  85,      2.1762,     -3.0789,     -2.0860,      0.0000,        0.00,        0.00,        0.00,      198.71,      -28.24,      226.96,        0.00,        0.00,        2.00,        5.00,    0,    0,    0,    0,     0.000,  -325.734,  -123.015,  -195.233,    -7.487,     0.000,  -391.441,  -251.322,   -29.161,   -69.976,   -40.982, 4, 0, 0, 0, 1,16, 2,-2,   795.761,    11.143,   948.899,   505.439,    97.765,   254.657,    91.038,  1940.469,     3.000,    20.900, 0.0639915, 0.0381493, 0.7928958,    63.662,    19.107,    38.089,    25.882,     1.912,    -3.656,    -6.136,   129.174,  1171.642,    -1.214,  1851.048,    -0.888,     5.720,     3.935,10,    -1.240,    -4.723,1, 80
 206, 209,   1,   1,  85,      2.0729,     -3.5577,     -2.0860,      0.0000,        0.00,        0.00,        0.00,      198.87,      -28.02,      226.89,        0.00,        0.00,        2.00,        5.00,    0,    0,    0,    0,     0.000,  -343.043,  -141.004,  -194.552,    -7.487,     0.000,  -400.829,  -251.322,   -29.161,   -65.517,   -54.830, 4, 0, 0, 0, 1,16, 2,-2,   812.215,    10.263,   963.905,   505.439,    97.765,   245.058,   115.643,  1968.463,     3.000,    20.900, 0.0535088, 0.0375554, 0.7880417,    64.691,    20.051,    38.398,    25.862,     2.151,    -3.988,    -6.462,   137.433,  1171.642,    -1.167,  2524.640,    -0.922,     5.956,     4.144,10,    -1.185,    -4.756,1, 82
 207, 209,   1,   1,  86,      3.0429,     -2.6584,     -2.0860,      0.0000,        0.00,        0.00,        0.00,      197.80,      -29.13,      226.94,        0.00,        0.00,        3.00,        6.00,    0,    0,    0,    0,     0.000,  -326.467,  -124.433,  -194.547,    -7.487,     0.000,  -393.278,  -251.322,   -74.373,   -67.583,     0.000, 4, 0, 0, 0, 1,17, 2,-2,   793.770,    10.007,   952.201,   505.439,   152.375,   250.358,    44.030,  1947.017,     4.000,    21.900, 0.0514307, 0.0459987, 0.7919228,    63.241,    19.960,    39.758,    28.445,     0.954,    -3.211,    -5.661,    39.102,   355.574,    -1.973,   281.937,    -1.814,     5.530,     3.702,11,    -1.375,    -4.718,1, 65
 208, 209,   1,   1,  86,      3.0763,     -2.3744,     -2.1611,      0.0000,        0.00,        0.00,        0.00,      200.69,      -26.22,      226.91,        0.00,        0.00,        2.00,        6.00,    0,    0,    0,    0,     0.000,  -344.591,  -142.553,  -194.551,    -7.487,     0.000,  -411.608,  -260.375,   -85.284,   -65.949,     0.000, 4, 0, 0, 0, 1,17, 2,-2,   802.780,     4.877,   977.811,   517.660,   169.733,   246.388,    44.030,  1989.561,     3.000,    22.400, 0.0119542, 0.0396784, 0.7823752,    64.906,    20.301,    38.660,    27.626,     0.883,    -4.204,    -6.659,    32.978,   243.401,    -2.202,   187.168,    -2.148,     5.469,     3.651,10,    -1.475,    -4.854,1, 62
  96, 209,   1,   1,  86,      3.3004,     -1.7448,     -2.1783,      0.0000,        0.00,        0.00,        0.00,      199.59,      -27.21,      226.81,        0.00,        0.00,        2.00,        6.00,    0,    0,    0,    0,     0.000,  -314.036,   -88.090,  -218.459,    -7.487,     0.000,  -391.239,  -262.441,   -61.023,   -62.048,    -5.726, 4, 0, 0, 0, 1,17, 2,-2,   802.780,    11.321,   938.474,   520.564,   146.108,   231.480,    40.322,  1979.474,     3.000,    22.400, 0.0647426, 0.0413415, 0.8124113,    64.359,    19.607,    39.207,    27.267,     1.023,    -3.609,    -6.659,    48.086,   407.719,    -1.838,   311.948,    -1.765,     5.672,     3.880,10,    -1.432,    -4.297,1, 67
  95, 209,   1,   1,  87,      6.2890,     -1.8570,     -2.1459,      0.0000,        0.00,        0.00,        0.00,      199.76,      -27.41,      227.17,        0.00,        0.00,        2.00,        9.00,    0,    0,    0,    0,     0.000,  -314.837,   -87.346,  -220.005,    -7.487,     0.000,  -392.268,  -258.540,   -69.045,   -58.957,    -5.726, 4, 0, 1, 0, 1,17, 2,-2,   822.768,    11.116,   939.358,   511.801,   160.771,   226.464,    40.322,  1984.924,     3.000,    21.900, 0.0622520, 0.0403807, 0.8131357,    64.530,    19.712,    39.034,    26.843,     1.152,    -2.791,    -6.260,    35.512,   296.012,    -1.983,   220.690,    -2.053,     5.639,     3.547,11,    -1.324,    -4.261,1, 65
  88, 209,   1,   1,  85,      2.1707,     -2.5270,     -2.1602,      0.0000,        0.00,        0.00,        0.00,      199.32,      -27.79,      227.11,        0.00,        0.00,        2.00,        5.00,    0,    0,    0,    0,     0.000,  -308.587,   -83.261,  -217.839,    -7.487,     0.000,  -391.934,  -260.260,   -33.107,   -71.988,   -26.579, 4, 0, 0, 0, 1,16, 2,-2,   795.761,    10.976,   941.083,   512.998,    99.850,   250.982,    77.253,  1950.000,     3.000,    20.900, 0.0617840, 0.0384662, 0.8020968,    64.008,    18.984,    38.176,    25.848,     1.917,    -3.480,    -6.136,   132.265,  1119.495,    -1.246,  1480.919,    -0.939,     5.173,     3.931,10,    -1.199,    -4.557,1, 80
 214, 209,   1,   1,  85,      2.1739,     -3.2793,     -2.0693,      0.0000,        0.00,        0.00,        0.00,      198.21,      -28.71,      226.92,        0.00,        0.00,        2.00,        5.00,    0,    0,    0,    0,     0.000,  -333.896,  -124.586,  -201.822,    -7.487,     0.000,  -391.642,  -249.308,   -29.161,   -75.108,   -38.065, 4, 0, 0, 0, 1,16, 2,-2,   813.751,    10.486,   954.418,   503.010,    97.765,   224.492,   129.151,  1953.876,     3.000,    20.900, 0.0562744, 0.0379287, 0.7919375,    63.910,    18.726,    38.212,    25.704,     2.100,    -3.905,    -6.493,   137.312,  1171.642,    -1.123,  2993.639,    -0.994,     5.423,     3.913,10,    -1.211,    -4.595,1, 81
  89, 209,   1,   1,  85,      2.2114,     -2.6975,     -2.1538,      0.0000,        0.00,        0.00,        0.00,      199.21,      -27.69,      226.90,        0.00,        0.00,        2.00,        5.00,    0,    0,    0,    0,     0.000,  -311.623,   -85.453,  -218.683,    -7.487,     0.000,  -388.238,  -259.495,   -33.107,   -64.521,   -31.116, 4, 0, 0, 0, 1,16, 2,-2,   812.215,     9.596,   933.488,   511.477,    99.850,   235.136,    87.025,  1967.563,     3.000,    20.900, 0.0467995, 0.0387792, 0.8134715,    64.560,    19.532,    38.262,    25.725,     2.064,    -3.410,    -6.462,   160.545,  1119.495,    -1.193,  1675.177,    -0.995,     6.292,     4.535,10,    -1.134,    -4.297,1, 81
  90, 209,   1,   1,  85,      2.2034,     -2.7600,     -2.1516,      0.0000,        0.00,        0.00,        0.00,      199.07,      -27.72,      226.79,        0.00,        0.00,        2.00,        5.00,    0,    0,    0,    0,     0.000,  -312.523,   -86.243,  -218.794,    -7.487,     0.000,  -388.963,  -259.234,   -33.107,   -63.599,   -33.024, 4, 0, 0, 0, 1,16, 2,-2,   856.666,     8.406,   934.551,   511.213,    99.850,   233.456,    90.031,  1974.709,     3.000,    20.900, 0.0357840, 0.0387350, 0.8145121,    64.830,    19.588,    38.227,    25.717,     2.119,    -3.439,    -7.350,   177.600,  1119.495,    -1.183,  1739.917,    -1.001,     5.554,     3.466,10,    -1.115,    -4.272,1, 81
  91, 209,   1,   1,  85,      2.2095,     -2.8625,     -2.1317,      0.0000,        0.00,        0.00,        0.00,      199.14,      -27.51,      226.66,        0.00,        0.00,        2.00,        5.00,    0,    0,    0,    0,     0.000,  -314.158,   -87.631,  -219.040,    -7.487,     0.000,  -388.411,  -256.829,   -33.107,   -61.676,   -36.799, 4, 0, 0, 0, 1,16, 2,-2,   903.667,     9.765,   936.555,   510.465,    99.850,   229.690,    96.549,  1985.526,     3.000,    20.900, 0.0480280, 0.0386522, 0.8157348,    65.227,    19.682,    38.574,    25.699,     2.206,    -3.497,    -8.294,   160.841,  1119.495,    -1.164,  1889.013,    -1.014,     5.170,     3.787,10,    -1.087,    -4.235,1, 81
  94, 209,   1,   1,  85,      2.2917,     -3.8242,     -2.0483,      0.0000,        0.00,        0.00,        0.00,      198.32,      -28.39,      226.71,        0.00,        0.00,        2.00,        5.00,    0,    0,    0,    0,     0.000,  -343.393,  -133.353,  -202.553,    -7.487,     0.000,  -380.933,  -246.785,   -29.161,   -69.251,   -35.737, 7, 0, 0, 0, 1,16, 2,-2,   846.660,    16.411,   979.336,   499.458,    97.765,   208.274,   173.839,  2005.332,     3.000,    20.900, 0.1343005, 0.0369637, 0.7852795,    65.815,    20.535,    40.132,    25.669,     2.544,    -4.475,    -7.149,    67.238,  1171.642,    -1.031,  5260.142,    -1.051,     4.662,     4.607,10,    -1.103,    -4.625,1, 84
 202, 209,   1,   1,  90,      3.2984,     -1.7040,     -2.2165,      0.0000,        0.00,        0.00,        0.00,      197.94,      -29.07,      227.02,        0.00,        0.00,        2.00,        6.00,    0,    0,    0,    0,     0.000,  -316.948,   -89.481,  -219.980,    -7.487,     0.000,  -391.415,  -267.045,   -63.246,   -55.398,    -5.726, 6, 0, 0, 0, 1,17, 2,-2,   819.807,    14.933,   942.473,   540.025,   147.436,   214.690,    40.322,  2006.431,     3.000,    22.900, 0.1111326, 0.0420850, 0.8162919,    65.278,    19.676,    40.452,    27.664,     0.959,    -2.497,    -5.790,    32.253,   396.066,    -1.837,   302.322,    -1.848,     6.203,     4.123,10,    -1.455,    -4.154,1, 66
 203, 209,   1,   1,  91,      3.1309,     -2.3027,     -2.5495,      0.0000,        0.00,        0.00,        0.00,      198.03,      -29.32,      227.36,        0.00,        0.00,        2.00,        6.00,    0,    0,    0,    0,     0.000,  -326.907,   -98.916,  -220.505,    -7.487,     0.000,  -406.647,  -307.165,   -42.030,   -51.726,    -5.726, 5, 0, 0, 0, 1,17, 3,-2,   835.807,    11.084,   987.478,   595.969,   132.603,   218.584,    40.322,  2078.327,     3.000,    22.900, 0.0591126, 0.0401669, 0.7975905,    68.192,    20.363,    40.623,    27.698,     1.450,    -3.158,    -6.107,    61.210,   547.556,    -1.752,   429.050,    -1.561,     5.499,     3.591,10,    -1.330,    -4.475,1, 71
 204, 209,   1,   1,  88,      3.9589,     -2.3658,     -2.1390,      0.0000,        0.00,        0.00,        0.00,      194.34,      -32.57,      226.91,        0.00,        0.00,        3.00,        7.00,    0,    0,    0,    0,     0.000,  -315.215,   -87.746,  -219.982,    -7.487,     0.000,  -400.921,  -257.708,   -73.238,   -64.249,    -5.726, 7, 0, 0, 1, 1,17, 2,-2,   821.780,    13.475,   974.305,   509.588,   187.804,   236.591,    40.322,  2013.645,     4.000,    22.900, 0.0901724, 0.0470079, 0.7915143,    65.776,    20.635,    41.886,    29.629,     1.187,    -3.191,    -5.806,    11.997,    41.548,    -2.361,    33.612,    -2.515,     5.641,     3.779,10,    -1.567,    -2.852,1, 50
 209, 209,   1,   1,  86,      3.1143,     -2.2346,     -2.1585,      0.0000,        0.00,        0.00,        0.00,      199.22,      -27.80,      227.03,        0.00,        0.00,        3.00,        6.00,    0,    0,    0,    0,     0.000,  -309.343,   -83.691,  -218.165,    -7.487,     0.000,  -386.791,  -260.055,   -53.306,   -67.704,    -5.726, 4, 0, 0, 0, 1,17, 2,-2,   793.770,    12.249,   931.491,   512.754,   136.882,   241.533,    40.322,  1951.034,     4.000,    21.900, 0.0769065, 0.0470214, 0.8106428,    63.317,    19.612,    40.136,    28.228,     1.108,    -2.904,    -5.661,    52.598,   498.709,    -1.751,   387.832,    -1.559,     5.558,     3.908,11,    -1.319,    -4.373,1, 69
